project_id,sprint_velocity,scope_changes,team_load,on_time
1,472.33,61.76,206.98,0
2,186.12,107.99,70.14,0
3,394.55,207.11,286.73,1
4,299.73,230.4,112.08,0
5,154.22,300.73,119.13,0
6,462.14,395.9,299.99,1
7,435.97,217.25,345.29,1
8,188.43,421.22,386.94,1
9,486.86,174.8,373.12,1
10,120.02,307.74,58.1,0
11,404.69,83.23,253.76,0
12,343.64,257.31,472.01,1
13,240.82,368.32,342.5,1
14,25.09,173.68,293.96,0
15,448.45,157.47,163.61,0
16,291.08,27.03,213.82,0
17,201.25,205.84,341.88,0
18,183.79,370.37,484.45,1
19,329.47,320.17,299.52,1
20,180.04,369.75,127.58,0
21,258.71,271.52,25.55,0
22,191.76,476.0,473.73,1
23,37.05,189.42,479.18,0
24,132.7,166.17,206.47,0
25,422.07,443.25,46.36,1
26,410.9,91.95,195.86,0
27,336.99,193.52,489.05,1
28,240.59,492.47,287.85,1
29,485.22,467.76,75.58,1
30,421.73,223.59,182.83,1
31,130.08,229.02,25.31,0
32,288.1,416.65,389.2,1
33,478.42,199.78,16.32,0
34,394.95,20.32,204.95,0
35,190.98,107.81,320.92,0
36,240.26,480.89,42.24,0
37,263.74,428.86,209.13,1
38,451.93,427.24,303.11,1
39,360.0,348.26,68.16,0
40,205.09,149.03,116.72,0
41,236.4,324.15,88.55,0
42,55.23,478.82,77.74,0
43,251.1,309.43,374.55,1
44,122.22,150.76,261.5,0
45,55.63,174.92,340.44,0
46,54.73,178.32,293.4,0
47,115.75,456.2,494.42,1
48,352.57,10.87,153.35,0
49,97.8,384.2,232.34,0
50,288.51,236.96,15.68,0
51,305.28,157.99,395.71,1
52,483.47,104.29,213.86,0
53,234.52,467.97,317.48,1
54,389.52,211.88,80.76,0
55,27.1,498.07,433.48,1
56,325.86,242.0,425.63,1
57,490.35,485.07,238.18,1
58,33.22,297.36,210.53,0
59,454.75,157.79,352.54,1
60,86.33,406.75,137.46,0
61,340.87,159.39,180.75,0
62,22.39,421.89,287.99,0
63,40.12,340.13,260.8,0
64,76.0,177.91,491.09,0
65,451.65,283.76,301.03,1
66,393.62,220.21,10.33,0
67,334.28,49.26,288.32,0
68,328.23,494.68,173.93,1
69,153.94,63.52,239.92,0
70,268.77,254.73,11.12,0
71,246.12,380.75,198.56,1
72,476.05,385.28,69.37,1
73,232.56,168.62,360.08,0
74,375.99,347.99,256.15,1
75,185.74,135.81,380.67,0
76,463.46,259.63,208.88,1
77,427.66,155.36,429.58,1
78,496.02,350.71,138.06,1
79,121.25,140.82,305.35,0
80,436.49,353.22,262.42,1
81,243.73,317.25,208.66,0
82,259.6,176.35,218.92,0
83,275.48,132.25,462.45,1
84,55.0,433.81,423.95,1
85,441.73,414.8,83.3,1
86,306.15,471.22,79.62,1
87,61.6,338.35,461.19,1
88,372.14,441.77,189.37,1
89,65.58,66.04,177.43,0
90,196.81,169.59,151.88,0
91,338.07,368.89,104.16,1
92,237.98,70.8,189.0,0
93,41.84,333.24,15.22,0
94,314.91,119.09,227.87,0
95,189.7,418.09,249.73,1
96,196.86,344.23,261.87,1
97,89.85,286.4,362.08,0
98,100.12,429.44,173.84,0
99,496.61,120.82,225.95,1
100,306.18,454.85,74.0,1
101,297.84,222.27,382.1,1
102,392.68,381.91,199.44,1
103,197.93,73.79,88.44,0
104,85.54,318.6,55.23,0
105,307.51,421.66,15.24,0
106,208.37,434.49,152.22,0
107,207.69,174.14,313.93,0
108,53.04,234.72,366.33,0
109,216.24,240.1,375.81,1
110,35.45,453.03,395.52,1
111,451.96,249.99,376.24,1
112,193.68,238.69,105.89,0
113,360.51,483.63,200.48,1
114,298.28,185.43,105.58,0
115,225.67,339.66,244.9,1
116,175.84,446.38,13.28,0
117,25.65,408.54,480.12,1
118,330.75,60.19,498.26,1
119,58.73,497.63,106.32,0
120,125.05,18.24,326.38,0
121,479.86,253.15,486.79,1
122,194.16,382.73,381.02,1
123,187.62,79.09,288.66,0
124,348.05,132.58,47.64,0
125,142.18,479.34,283.78,1
126,190.41,226.74,132.17,0
127,160.66,332.27,196.6,0
128,350.71,374.3,140.65,1
129,47.87,237.87,496.28,0
130,196.65,489.78,433.33,1
131,498.66,376.8,329.14,1
132,324.07,389.57,454.11,1
133,242.82,269.06,49.97,0
134,151.71,81.81,99.25,0
135,21.11,375.71,417.11,1
136,455.65,84.13,305.24,1
137,461.19,416.98,321.33,1
138,489.47,412.2,388.69,1
139,244.94,57.4,310.66,0
140,300.71,181.86,221.76,0
141,151.61,173.96,109.21,0
142,415.91,167.83,467.7,1
143,295.5,304.93,297.21,1
144,155.37,490.02,308.65,1
145,154.58,65.65,362.74,0
146,184.55,426.58,483.8,1
147,338.64,27.98,293.5,0
148,387.09,488.37,323.84,1
149,60.83,299.52,174.3,0
150,465.15,232.24,396.16,1
151,379.03,131.35,498.07,1
152,404.39,152.39,118.27,0
153,106.79,478.05,348.5,1
154,80.01,164.53,137.37,0
155,369.76,42.94,431.81,1
156,470.09,138.96,286.44,1
157,179.9,469.45,484.23,1
158,59.0,325.25,329.55,0
159,170.01,71.04,293.7,0
160,420.5,232.59,404.33,1
161,413.64,467.6,196.11,1
162,124.83,188.93,283.7,0
163,85.9,325.51,365.4,0
164,252.79,292.15,497.07,1
165,167.06,50.1,370.21,0
166,426.82,304.05,448.76,1
167,237.84,235.39,456.47,1
168,121.12,444.39,351.94,1
169,220.93,171.88,447.07,1
170,119.08,352.26,332.44,1
171,354.91,247.49,445.32,1
172,486.29,127.47,220.91,1
173,308.14,196.87,384.33,1
174,126.41,297.88,483.64,1
175,407.91,408.81,103.73,1
176,188.77,465.27,168.66,1
177,53.2,208.94,448.09,0
178,85.32,25.04,372.66,0
179,191.73,259.84,361.63,1
180,419.08,234.85,140.71,0
181,121.07,379.89,158.7,0
182,393.42,129.09,35.13,0
183,50.36,308.05,133.25,0
184,421.42,492.93,78.57,1
185,360.34,212.39,41.88,0
186,53.25,444.6,13.68,0
187,30.77,228.37,408.85,0
188,133.22,100.63,39.86,0
189,97.82,12.17,344.9,0
190,327.21,106.07,165.86,0
191,240.81,94.34,149.93,0
192,290.8,12.65,55.74,0
193,149.74,114.98,309.15,0
194,489.4,207.15,420.38,1
195,60.04,325.86,134.04,0
196,334.84,389.95,278.42,1
197,270.44,280.84,493.63,1
198,495.04,263.45,335.24,1
199,477.88,117.16,237.0,1
200,245.02,122.32,54.37,0
201,229.52,153.72,361.25,0
202,184.77,301.91,98.19,0
203,94.2,331.63,285.18,0
204,344.1,128.82,15.65,0
205,444.55,85.09,492.06,1
206,243.34,31.97,466.84,0
207,459.63,470.78,392.28,1
208,130.12,156.22,279.08,0
209,140.87,382.64,265.59,0
210,478.02,284.65,166.73,1
211,460.53,134.19,456.54,1
212,261.07,418.37,354.31,1
213,279.88,110.04,315.34,0
214,183.07,52.6,121.36,0
215,23.97,258.69,227.95,0
216,193.67,388.18,264.21,1
217,492.69,55.14,182.83,0
218,259.0,271.23,58.85,0
219,405.52,146.53,33.6,0
220,88.84,432.4,358.79,1
221,369.74,31.08,119.81,0
222,299.24,94.83,72.07,0
223,493.47,165.07,363.29,1
224,162.81,263.61,223.64,0
225,238.6,290.74,169.11,0
226,143.07,341.3,13.91,0
227,371.32,32.33,127.36,0
228,43.58,222.18,22.03,0
229,368.34,464.29,21.31,1
230,418.86,243.14,235.54,1
231,131.58,60.63,124.34,0
232,185.7,338.15,122.53,0
233,179.3,223.82,181.98,0
234,439.45,404.37,249.24,1
235,86.37,73.51,267.42,0
236,458.01,472.46,321.27,1
237,55.37,297.47,274.3,0
238,28.17,453.7,211.42,0
239,407.78,164.24,484.5,1
240,42.02,197.32,259.3,0
241,288.4,285.61,403.72,1
242,263.74,266.39,121.73,0
243,444.04,292.18,124.87,1
244,340.44,116.63,80.55,0
245,491.23,405.34,107.89,1
246,343.95,83.37,123.16,0
247,173.8,442.81,140.68,0
248,469.34,211.5,243.83,1
249,48.75,450.06,476.77,1
250,344.28,336.04,239.29,1
251,63.03,435.94,250.53,0
252,97.85,239.91,293.79,0
253,199.3,379.88,255.87,1
254,254.84,164.74,18.55,0
255,36.26,108.03,67.13,0
256,208.79,471.89,425.22,1
257,273.13,69.71,270.26,0
258,146.67,172.11,286.87,0
259,208.99,405.15,230.48,1
260,391.97,322.81,272.88,1
261,103.33,152.19,320.2,0
262,161.41,461.34,381.21,1
263,145.28,344.73,125.31,0
264,131.98,465.74,255.14,1
265,28.26,473.58,459.35,1
266,478.8,199.12,293.86,1
267,259.22,468.99,422.42,1
268,170.23,386.93,345.09,1
269,441.43,153.77,178.38,0
270,20.75,304.96,495.69,1
271,61.93,332.0,302.65,0
272,19.2,456.25,43.06,0
273,24.99,339.12,118.51,0
274,11.29,213.09,120.07,0
275,308.19,398.33,208.66,1
276,361.61,235.72,74.17,0
277,183.51,359.8,364.49,1
278,464.72,81.51,91.3,0
279,380.27,152.07,129.37,0
280,494.08,115.78,375.02,1
281,386.46,409.11,109.69,1
282,266.0,454.7,438.41,1
283,37.48,49.29,376.69,0
284,68.67,183.84,131.12,0
285,170.13,422.18,216.68,1
286,76.62,399.46,104.14,0
287,322.35,137.07,19.52,0
288,44.06,339.99,386.22,0
289,275.8,271.53,418.08,1
290,187.99,446.36,306.8,1
291,198.11,444.41,412.99,1
292,48.73,100.99,202.44,0
293,362.32,407.77,369.77,1
294,384.37,173.65,100.84,0
295,166.33,59.26,199.63,0
296,194.42,375.89,245.51,1
297,349.28,83.03,117.76,0
298,74.63,130.88,346.23,0
299,311.14,155.27,478.46,1
300,177.63,495.32,491.73,1
301,353.22,489.47,86.16,1
302,321.4,470.21,204.35,1
303,162.78,69.63,328.65,0
304,147.19,416.42,447.72,1
305,202.03,380.34,113.67,0
306,155.02,206.25,16.54,0
307,381.89,90.98,239.65,0
308,397.39,277.47,435.65,1
309,252.79,52.4,444.11,0
310,126.1,241.94,233.76,0
311,251.29,453.44,322.57,1
312,380.67,485.76,19.39,1
313,277.32,212.32,178.55,0
314,17.61,263.72,315.11,0
315,52.93,385.23,258.49,0
316,198.39,36.51,254.7,0
317,422.89,169.21,266.18,1
318,219.53,218.8,379.72,1
319,315.54,405.6,351.14,1
320,286.54,307.36,87.03,0
321,49.64,376.26,67.69,0
322,244.01,147.41,37.32,0
323,221.5,489.36,48.05,0
324,234.4,401.7,11.64,0
325,456.25,316.97,432.41,1
326,156.68,413.78,30.97,0
327,488.95,95.76,467.6,1
328,241.29,422.22,53.7,0
329,244.08,144.23,305.28,0
330,359.05,335.69,476.16,1
331,243.78,482.61,455.41,1
332,38.99,320.75,35.61,0
333,285.47,81.88,366.5,0
334,52.47,397.87,43.05,0
335,465.37,280.35,167.95,1
336,162.56,227.9,471.28,1
337,467.53,139.41,393.9,1
338,264.11,327.52,430.97,1
339,392.84,435.04,269.04,1
340,258.14,100.91,302.38,0
341,113.23,242.94,421.33,0
342,498.57,486.21,78.89,1
343,320.84,198.62,200.49,0
344,230.78,329.61,127.98,0
345,470.72,469.86,213.1,1
346,282.66,489.52,469.58,1
347,209.07,414.64,193.68,1
348,107.34,202.39,159.39,0
349,173.52,355.71,55.32,0
350,407.68,409.45,110.98,1
351,89.15,479.03,64.86,0
352,236.81,17.39,343.05,0
353,324.96,189.69,216.69,0
354,227.64,309.78,351.48,1
355,205.48,468.71,460.93,1
356,28.14,460.89,250.76,0
357,409.7,494.09,26.58,1
358,46.24,20.63,313.23,0
359,222.05,130.18,146.65,0
360,51.31,421.65,408.44,1
361,163.9,255.43,444.23,1
362,392.62,49.72,229.59,0
363,463.28,176.43,130.94,0
364,29.68,24.31,359.13,0
365,157.58,72.05,461.05,0
366,347.42,325.11,63.73,0
367,192.2,446.36,430.66,1
368,493.73,171.21,154.57,1
369,79.64,166.7,108.62,0
370,77.56,371.42,498.42,1
371,366.77,474.01,183.31,1
372,350.18,158.62,306.85,1
373,469.04,393.29,248.65,1
374,46.37,125.28,279.76,0
375,18.1,296.79,96.01,0
376,72.87,454.39,492.37,1
377,461.78,75.17,394.92,1
378,222.63,176.08,10.98,0
379,220.21,226.03,391.17,1
380,142.2,271.28,118.63,0
381,105.37,45.13,382.83,0
382,67.26,122.62,205.88,0
383,379.14,88.4,99.26,0
384,31.05,324.13,343.52,0
385,373.2,341.08,328.1,1
386,255.4,437.86,379.1,1
387,98.51,269.4,275.56,0
388,122.25,94.98,279.57,0
389,31.34,499.4,118.69,0
390,422.68,112.13,326.52,1
391,302.53,127.88,301.74,0
392,370.3,353.32,33.32,0
393,274.03,94.26,420.35,0
394,39.39,93.9,380.11,0
395,358.23,43.43,153.53,0
396,445.68,484.81,13.31,1
397,139.51,20.95,445.5,0
398,201.11,391.94,161.68,0
399,495.8,403.76,302.08,1
400,312.48,437.66,426.66,1
401,73.93,183.07,306.38,0
402,95.15,149.52,382.28,0
403,136.23,309.17,495.64,1
404,464.63,473.47,357.56,1
405,406.21,80.07,71.19,0
406,18.23,386.4,385.15,0
407,285.45,335.74,304.97,1
408,108.05,367.92,251.06,0
409,132.41,471.3,254.36,1
410,268.31,281.39,382.0,1
411,104.45,458.8,400.52,1
412,346.33,104.68,262.16,0
413,28.61,128.78,496.07,0
414,25.6,332.38,69.96,0
415,151.76,340.46,492.47,1
416,55.25,97.51,78.4,0
417,428.79,445.29,258.3,1
418,386.84,148.23,458.68,1
419,284.44,391.09,251.63,1
420,369.91,439.22,94.65,1
421,14.81,92.77,470.67,0
422,127.29,175.98,255.55,0
423,264.02,400.82,376.65,1
424,404.18,421.11,270.84,1
425,299.45,77.17,129.56,0
426,172.3,14.35,481.7,0
427,132.61,474.8,193.64,0
428,431.15,265.12,160.78,1
429,282.67,381.15,443.04,1
430,428.3,360.81,269.77,1
431,60.64,477.98,407.86,1
432,403.36,17.74,415.53,1
433,44.08,261.5,335.38,0
434,181.88,462.72,99.73,0
435,206.51,114.38,94.93,0
436,41.69,81.24,212.59,0
437,465.36,246.54,50.48,0
438,213.58,170.02,205.82,0
439,41.69,492.67,382.8,1
440,348.54,324.34,352.97,1
441,174.0,197.78,396.11,0
442,303.69,113.36,462.19,1
443,336.6,245.55,381.78,1
444,485.7,339.67,384.54,1
445,291.98,47.06,238.31,0
446,324.9,294.66,106.09,0
447,480.38,42.43,450.68,1
448,168.41,85.77,358.66,0
449,172.87,10.38,176.85,0
450,358.65,286.0,467.26,1
451,325.62,332.95,417.49,1
452,171.19,136.63,324.46,0
453,467.86,293.44,340.1,1
454,489.06,157.39,55.27,0
455,497.36,280.2,134.96,1
456,351.53,351.07,353.05,1
457,417.09,320.86,324.79,1
458,451.32,439.71,48.27,1
459,303.81,178.14,186.23,0
460,453.51,65.74,100.23,0
461,280.05,435.13,14.37,0
462,169.14,22.07,308.83,0
463,264.57,478.3,167.64,1
464,88.94,126.0,337.94,0
465,486.38,18.01,344.09,1
466,88.96,28.33,139.68,0
467,173.13,307.35,460.38,1
468,71.28,389.63,69.53,0
469,416.36,409.94,456.61,1
470,374.41,224.16,351.26,1
471,424.26,378.96,476.1,1
472,462.32,346.74,365.02,1
473,393.45,178.16,300.47,1
474,304.45,260.65,30.24,0
475,351.5,393.61,246.39,1
476,426.49,492.42,205.9,1
477,88.0,48.79,440.46,0
478,122.75,341.16,174.33,0
479,293.91,399.87,377.52,1
480,242.69,36.18,143.63,0
481,467.62,209.93,76.54,0
482,172.1,383.67,273.27,1
483,43.72,324.06,130.45,0
484,149.73,255.51,90.75,0
485,97.37,494.5,89.52,0
486,218.14,416.61,443.24,1
487,61.89,250.92,303.04,0
488,314.82,257.99,371.34,1
489,200.01,153.93,256.42,0
490,122.07,401.71,354.71,1
491,444.87,373.84,254.57,1
492,494.31,482.46,437.73,1
493,345.79,496.47,295.68,1
494,62.38,355.98,471.0,1
495,267.86,166.14,485.84,1
496,352.91,325.66,68.52,0
497,239.27,169.87,70.54,0
498,92.62,345.18,101.42,0
499,180.01,270.92,31.76,0
500,448.61,342.98,196.36,1
501,30.1,451.15,414.29,1
502,35.32,216.93,461.0,0
503,351.82,456.17,149.83,1
504,416.21,199.24,448.87,1
505,312.35,234.15,125.25,0
506,451.51,164.27,110.41,0
507,261.74,143.44,231.51,0
508,328.61,463.3,348.83,1
509,221.4,308.61,408.19,1
510,397.93,31.13,269.2,0
511,27.23,465.91,24.37,0
512,201.83,188.77,242.6,0
513,187.44,206.07,19.24,0
514,63.45,139.54,367.26,0
515,244.21,38.98,299.69,0
516,374.9,111.19,296.51,0
517,82.74,135.42,146.43,0
518,497.34,170.31,484.69,1
519,108.0,35.43,253.94,0
520,451.25,165.85,472.81,1
521,19.46,185.29,347.03,0
522,260.06,117.11,41.78,0
523,40.14,144.25,126.07,0
524,154.16,474.62,305.17,1
525,404.76,48.22,356.25,1
526,308.69,156.69,263.48,0
527,446.37,162.62,364.07,1
528,249.34,430.1,145.05,1
529,63.35,242.72,218.85,0
530,47.63,33.9,325.27,0
531,269.15,346.9,492.49,1
532,460.07,10.49,331.46,0
533,492.92,87.13,199.88,0
534,378.26,340.44,109.11,1
535,44.22,366.93,422.34,1
536,95.51,439.56,302.58,1
537,320.07,494.65,275.03,1
538,298.32,455.96,262.65,1
539,456.13,86.66,68.04,0
540,246.32,338.68,427.71,1
541,145.46,96.21,49.08,0
542,68.81,491.85,117.0,0
543,378.48,375.69,363.4,1
544,454.27,486.95,244.27,1
545,366.98,324.44,276.68,1
546,89.01,94.2,385.2,0
547,312.42,309.91,492.56,1
548,450.64,294.82,394.82,1
549,244.28,221.14,115.41,0
550,29.15,30.33,462.38,0
551,143.03,156.92,154.66,0
552,332.56,18.9,65.24,0
553,71.61,143.65,146.28,0
554,181.47,412.86,29.64,0
555,490.22,38.21,333.25,1
556,73.86,155.94,106.33,0
557,223.83,346.08,375.26,1
558,327.97,57.44,441.07,1
559,114.01,96.3,204.85,0
560,406.71,327.33,59.55,0
561,94.42,21.49,62.46,0
562,303.18,22.43,324.44,0
563,28.39,124.46,218.53,0
564,499.85,434.14,363.96,1
565,268.28,257.56,316.06,1
566,127.04,410.11,473.95,1
567,76.28,475.69,32.82,0
568,29.91,424.85,71.43,0
569,140.76,221.8,218.19,0
570,422.75,304.41,433.13,1
571,131.73,146.48,445.84,0
572,470.35,129.28,192.29,0
573,496.26,407.06,415.34,1
574,291.31,232.64,477.71,1
575,67.2,168.29,470.29,0
576,176.88,492.2,123.1,0
577,354.92,47.71,14.27,0
578,192.84,338.81,151.4,0
579,328.64,180.44,91.73,0
580,348.27,144.81,368.38,1
581,92.96,252.54,159.49,0
582,154.17,322.03,79.61,0
583,331.56,71.61,154.36,0
584,260.4,33.8,373.29,0
585,257.92,228.09,21.46,0
586,69.15,256.31,487.92,1
587,452.59,215.99,52.44,0
588,24.31,391.93,12.16,0
589,378.06,458.37,138.67,1
590,152.98,202.21,103.17,0
591,387.41,245.41,208.87,1
592,163.52,209.62,149.48,0
593,404.05,337.79,439.33,1
594,313.33,209.98,413.43,1
595,481.68,410.9,492.8,1
596,360.54,317.09,231.64,1
597,449.66,187.83,482.19,1
598,182.64,100.35,349.13,0
599,354.02,454.71,386.27,1
600,346.66,351.11,132.5,1
601,111.18,441.36,268.65,1
602,384.81,317.59,357.93,1
603,276.34,396.62,350.75,1
604,459.35,77.41,488.68,1
605,260.21,217.68,477.37,1
606,435.72,108.15,217.86,0
607,161.81,437.21,275.41,1
608,182.71,78.67,58.61,0
609,282.56,53.79,457.76,0
610,44.75,153.12,187.41,0
611,224.23,35.96,242.22,0
612,447.0,447.31,474.75,1
613,332.47,457.41,89.46,1
614,468.19,460.9,242.45,1
615,461.27,438.11,310.52,1
616,60.76,486.01,225.38,0
617,135.94,483.21,346.2,1
618,371.9,62.54,492.44,1
619,228.41,384.49,102.46,0
620,398.03,250.77,342.33,1
621,245.12,42.0,408.73,0
622,105.46,421.45,48.65,0
623,149.71,340.7,55.04,0
624,283.76,266.22,330.02,1
625,445.45,65.33,79.02,0
626,20.94,148.27,70.3,0
627,259.96,436.07,33.34,0
628,283.36,241.49,179.15,0
629,457.52,75.63,423.07,1
630,35.91,71.09,461.37,0
631,206.42,226.42,392.61,1
632,358.43,377.99,266.68,1
633,109.65,23.3,309.11,0
634,335.46,454.95,334.68,1
635,135.38,160.73,22.09,0
636,269.62,441.6,60.55,0
637,279.88,345.15,319.66,1
638,62.07,345.97,344.41,0
639,277.2,127.23,385.29,0
640,252.16,490.45,406.53,1
641,114.96,75.2,336.24,0
642,16.88,282.32,192.42,0
643,395.08,198.52,417.66,1
644,233.38,39.68,473.47,0
645,251.8,139.52,95.95,0
646,191.78,377.46,263.67,1
647,188.21,454.75,226.48,1
648,288.16,477.55,328.23,1
649,281.43,195.17,480.05,1
650,184.81,114.8,92.83,0
651,294.85,259.32,274.59,1
652,186.3,55.72,347.97,0
653,226.57,70.46,407.52,0
654,186.81,289.05,372.68,1
655,22.29,168.93,17.04,0
656,42.86,257.03,389.08,0
657,456.25,43.09,12.72,0
658,242.33,418.33,417.74,1
659,78.27,225.13,321.62,0
660,320.64,399.43,24.7,0
661,421.84,283.48,96.41,0
662,182.75,370.19,405.64,1
663,215.02,492.98,457.62,1
664,459.17,461.93,381.8,1
665,464.31,335.34,469.43,1
666,414.95,497.06,297.24,1
667,234.6,52.43,13.88,0
668,182.33,101.48,327.04,0
669,39.61,425.68,164.29,0
670,360.81,422.24,188.37,1
671,106.83,246.47,410.93,0
672,382.66,66.97,228.37,0
673,431.47,49.4,275.54,0
674,253.28,183.98,464.53,1
675,307.18,36.33,68.94,0
676,318.6,469.6,27.97,1
677,138.68,321.96,331.89,0
678,159.21,440.43,156.5,0
679,162.52,238.14,322.65,0
680,324.9,340.13,130.34,0
681,428.1,108.17,222.42,0
682,375.19,481.31,432.22,1
683,312.06,29.72,324.57,0
684,53.27,471.34,44.99,0
685,193.47,324.59,358.08,1
686,230.71,167.16,242.54,0
687,347.45,40.05,146.79,0
688,411.39,424.26,208.43,1
689,241.32,261.08,143.59,0
690,406.17,344.23,204.5,1
691,234.35,209.96,384.92,1
692,131.0,86.3,57.14,0
693,58.41,261.72,385.7,0
694,156.04,379.12,467.24,1
695,236.05,269.83,437.86,1
696,372.84,180.27,94.5,0
697,436.62,329.31,462.93,1
698,214.08,342.13,73.09,0
699,161.29,37.47,422.22,0
700,266.98,342.33,434.37,1
701,193.48,77.32,430.97,0
702,129.79,42.65,172.65,0
703,376.86,262.82,459.05,1
704,135.58,59.42,427.52,0
705,366.7,77.4,343.26,0
706,328.96,261.89,224.07,1
707,165.45,349.12,365.69,1
708,402.76,292.47,481.97,1
709,166.32,39.59,439.58,0
710,420.24,437.95,54.24,1
711,332.38,480.01,463.2,1
712,55.99,114.93,439.88,0
713,235.7,95.17,469.88,0
714,104.82,238.16,324.47,0
715,245.15,112.88,125.9,0
716,37.03,162.19,259.97,0
717,51.26,229.65,480.59,0
718,272.42,394.84,73.61,0
719,359.01,383.89,265.66,1
720,91.26,305.17,414.34,1
721,281.5,451.17,328.11,1
722,358.38,242.42,466.76,1
723,420.89,411.24,462.79,1
724,225.17,53.55,259.16,0
725,495.83,460.97,200.31,1
726,489.82,69.79,233.36,0
727,410.94,46.18,445.74,1
728,180.93,491.29,202.94,1
729,93.0,474.81,232.62,0
730,107.95,251.11,276.03,0
731,459.08,139.16,304.57,1
732,36.25,323.75,328.85,0
733,215.94,48.82,206.89,0
734,420.62,106.82,237.59,0
735,115.72,240.37,253.66,0
736,71.3,165.88,171.22,0
737,130.23,480.33,328.73,1
738,356.87,343.24,180.19,1
739,316.16,42.09,220.71,0
740,54.19,498.53,193.14,0
741,84.29,424.22,170.33,0
742,298.94,380.54,465.39,1
743,276.05,138.04,245.96,0
744,363.99,434.69,59.04,1
745,122.66,75.73,150.16,0
746,272.35,283.01,103.48,0
747,413.99,325.01,475.31,1
748,481.25,112.04,386.74,1
749,381.31,273.47,54.63,0
750,439.33,155.33,77.38,0
751,109.45,89.88,203.96,0
752,248.25,24.23,362.71,0
753,487.51,384.72,271.49,1
754,311.58,44.95,356.39,0
755,83.82,79.42,116.94,0
756,198.42,271.21,357.56,1
757,102.15,266.6,201.41,0
758,415.0,224.3,194.4,1
759,85.46,240.42,126.52,0
760,224.74,475.88,39.29,0
761,248.9,322.26,334.01,1
762,256.36,477.79,475.58,1
763,419.72,210.72,23.75,0
764,32.35,300.93,345.88,0
765,100.59,158.45,195.69,0
766,108.32,410.61,419.83,1
767,229.98,251.49,344.54,1
768,458.55,267.59,247.48,1
769,367.29,112.24,480.86,1
770,227.59,179.9,204.78,0
771,175.15,228.24,44.28,0
772,406.03,281.78,194.55,1
773,326.15,120.28,495.44,1
774,354.92,190.76,250.27,0
775,447.48,327.22,409.58,1
776,35.48,220.92,87.93,0
777,406.84,168.5,435.38,1
778,494.0,484.83,105.61,1
779,254.41,195.46,259.01,0
780,46.81,112.54,259.22,0
781,57.18,360.76,148.29,0
782,455.32,204.15,392.55,1
783,97.71,345.19,304.23,0
784,388.32,262.2,44.16,0
785,380.57,54.46,382.9,1
786,208.19,242.46,318.31,0
787,121.64,400.46,211.13,0
788,67.57,422.07,474.18,1
789,150.61,228.5,292.06,0
790,321.66,346.41,188.0,1
791,416.79,286.16,83.4,0
792,246.46,112.93,101.14,0
793,68.1,452.15,303.2,1
794,413.0,476.62,169.48,1
795,256.39,219.98,432.4,1
796,227.68,307.54,29.05,0
797,372.73,314.19,497.47,1
798,28.39,266.32,465.76,0
799,98.68,228.24,320.66,0
800,26.39,23.58,223.68,0
801,134.73,273.49,123.92,0
802,238.04,455.12,204.53,1
803,100.57,134.98,253.82,0
804,27.2,172.63,461.73,0
805,49.0,328.1,344.78,0
806,183.28,426.51,188.24,0
807,226.79,285.58,141.39,0
808,96.81,295.84,296.64,0
809,249.62,393.94,109.47,0
810,321.46,432.49,302.39,1
811,179.25,354.69,143.28,0
812,265.3,424.99,229.8,1
813,102.68,239.92,281.97,0
814,188.92,393.97,424.35,1
815,196.55,18.66,380.91,0
816,340.33,126.2,145.0,0
817,390.86,110.99,355.0,1
818,166.39,113.94,229.3,0
819,339.38,446.66,179.26,1
820,132.91,33.54,277.56,0
821,440.88,408.5,312.79,1
822,72.09,444.64,119.94,0
823,302.99,104.75,214.97,0
824,124.72,437.83,17.3,0
825,167.04,458.82,410.0,1
826,196.87,471.42,243.07,1
827,103.27,62.08,287.65,0
828,266.93,163.31,272.27,0
829,449.61,16.34,342.68,1
830,487.44,28.17,274.37,0
831,61.37,188.41,435.59,0
832,49.89,66.43,231.78,0
833,198.92,126.78,231.79,0
834,475.64,432.72,348.29,1
835,366.18,235.39,45.78,0
836,181.84,294.71,404.4,1
837,478.03,402.64,364.88,1
838,444.79,129.86,436.26,1
839,207.22,474.74,254.28,1
840,475.27,199.36,52.36,0
841,409.02,209.38,199.29,1
842,353.72,101.17,452.69,1
843,385.12,76.65,134.54,0
844,468.85,296.54,254.77,1
845,363.1,269.56,482.08,1
846,337.45,99.55,184.54,0
847,236.79,84.77,248.1,0
848,480.12,184.62,204.28,1
849,144.33,372.01,73.43,0
850,438.05,335.57,167.91,1
851,126.84,361.75,146.66,0
852,122.68,188.92,120.86,0
853,120.7,63.57,338.54,0
854,449.54,172.45,212.45,1
855,369.25,223.27,283.73,1
856,135.3,304.7,199.62,0
857,88.83,223.25,382.9,0
858,354.21,46.3,186.06,0
859,79.73,365.79,182.29,0
860,459.61,423.83,166.2,1
861,70.82,16.44,364.25,0
862,337.69,10.22,148.09,0
863,114.76,87.86,244.14,0
864,325.49,491.65,284.25,1
865,459.11,88.93,372.21,1
866,419.44,261.58,451.35,1
867,311.3,481.57,165.38,1
868,252.48,438.71,372.68,1
869,219.82,398.39,372.06,1
870,354.79,53.79,34.66,0
871,383.67,491.82,119.25,1
872,330.01,286.67,428.15,1
873,243.54,85.96,202.22,0
874,372.39,227.45,269.35,1
875,180.22,117.64,78.23,0
876,137.07,123.83,72.56,0
877,34.0,431.1,83.06,0
878,106.39,56.31,214.21,0
879,485.6,61.6,480.02,1
880,320.27,485.28,273.15,1
881,193.8,488.74,299.37,1
882,478.17,428.66,219.61,1
883,43.35,441.98,373.36,1
884,167.97,253.29,35.08,0
885,215.48,284.94,230.0,0
886,130.18,312.35,196.55,0
887,408.76,250.66,181.48,1
888,139.63,277.68,458.11,1
889,248.44,384.07,341.47,1
890,485.15,460.84,355.37,1
891,250.77,447.39,86.45,0
892,126.12,26.6,356.82,0
893,301.89,206.97,98.92,0
894,430.34,62.65,17.41,0
895,184.24,486.37,474.31,1
896,47.01,248.04,369.37,0
897,216.31,320.8,233.96,0
898,404.0,99.79,30.91,0
899,85.5,235.5,142.73,0
900,158.65,480.65,449.34,1
901,106.62,236.03,37.92,0
902,452.42,189.96,353.33,1
903,420.17,201.07,20.01,0
904,77.31,66.34,288.28,0
905,71.91,204.61,279.3,0
906,122.89,441.91,421.44,1
907,384.24,97.16,106.47,0
908,52.63,374.01,450.56,1
909,286.96,40.29,351.08,0
910,355.09,51.99,454.32,1
911,459.84,318.24,474.03,1
912,484.3,467.34,312.11,1
913,222.46,285.12,480.47,1
914,428.33,203.84,253.09,1
915,493.73,224.31,357.16,1
916,496.27,273.1,24.08,0
917,424.16,221.62,230.8,1
918,311.66,72.67,320.63,0
919,60.66,467.22,283.4,1
920,280.6,244.22,165.81,0
921,15.07,49.14,15.56,0
922,400.67,404.03,436.42,1
923,102.64,359.88,99.44,0
924,243.19,45.72,324.14,0
925,74.35,37.01,77.04,0
926,404.71,346.05,270.17,1
927,228.18,378.22,392.08,1
928,197.1,438.21,351.22,1
929,35.43,231.82,39.4,0
930,352.1,174.67,451.42,1
931,24.67,359.02,228.08,0
932,156.27,356.88,324.44,1
933,413.38,58.11,478.64,1
934,236.65,152.02,76.04,0
935,153.34,245.3,51.29,0
936,428.46,91.82,458.56,1
937,120.8,27.36,140.11,0
938,492.41,494.98,465.78,1
939,152.3,220.17,107.9,0
940,123.57,191.55,416.29,0
941,448.98,43.06,393.36,1
942,19.02,107.48,392.72,0
943,441.36,407.69,258.81,1
944,283.83,280.15,293.34,1
945,404.32,431.24,108.06,1
946,216.61,416.88,203.46,1
947,134.09,399.6,410.08,1
948,227.23,376.81,461.46,1
949,103.78,107.99,456.9,0
950,27.8,349.61,78.36,0
951,176.64,78.57,327.89,0
952,321.64,197.77,60.44,0
953,124.81,407.46,194.4,0
954,62.56,457.27,352.92,1
955,367.81,432.32,291.58,1
956,17.35,116.05,398.13,0
957,432.08,268.53,436.14,1
958,16.15,149.34,256.72,0
959,124.99,62.44,457.71,0
960,226.75,290.95,345.93,1
961,135.57,261.21,16.3,0
962,267.07,376.84,62.09,0
963,388.0,73.53,187.77,0
964,252.22,196.33,388.04,1
965,239.62,77.72,391.74,0
966,310.68,156.01,433.73,1
967,170.46,362.8,67.89,0
968,212.16,340.38,275.29,1
969,208.47,27.59,228.42,0
970,140.22,163.73,111.82,0
971,271.94,238.46,417.7,1
972,495.62,280.24,282.24,1
973,314.17,469.95,383.71,1
974,56.84,187.28,79.25,0
975,134.31,308.39,180.29,0
976,253.31,267.87,153.28,0
977,65.57,346.27,123.36,0
978,324.89,48.73,414.71,0
979,347.96,307.85,279.06,1
980,314.18,496.7,62.08,1
981,279.12,474.26,184.92,1
982,138.66,296.36,440.19,1
983,190.89,35.19,452.74,0
984,134.65,326.08,246.15,0
985,249.4,158.63,57.18,0
986,436.1,496.82,261.31,1
987,182.38,264.26,276.72,0
988,358.73,247.94,291.18,1
989,216.73,461.56,421.38,1
990,238.36,208.66,353.01,0
991,465.82,469.28,112.72,1
992,144.03,217.5,77.44,0
993,443.56,89.56,319.46,1
994,58.09,116.34,232.06,0
995,375.75,463.88,473.37,1
996,187.59,313.36,425.05,1
997,435.78,171.98,14.67,0
998,55.36,117.47,116.54,0
999,407.44,27.98,413.58,1
1000,416.69,278.4,296.92,1
1001,489.0,85.7,151.81,0
1002,367.55,287.51,373.94,1
1003,103.29,417.43,312.08,1
1004,350.37,398.49,133.53,1
1005,162.54,306.32,249.36,0
1006,492.66,65.08,399.52,1
1007,410.7,136.65,121.65,0
1008,286.72,457.09,213.7,1
1009,54.6,139.83,57.35,0
1010,192.35,437.14,390.41,1
1011,304.82,425.36,55.01,0
1012,472.41,187.76,429.4,1
1013,85.0,24.62,279.17,0
1014,156.65,261.25,306.95,0
1015,376.55,494.01,227.99,1
1016,491.63,19.96,313.3,1
1017,496.38,329.85,313.0,1
1018,147.86,299.48,232.68,0
1019,368.43,113.26,373.25,1
1020,89.48,347.06,20.49,0
1021,41.43,53.77,424.88,0
1022,310.49,99.74,130.85,0
1023,206.25,401.18,168.96,0
1024,299.45,116.5,28.09,0
1025,181.56,22.29,18.47,0
1026,13.99,209.47,107.12,0
1027,108.74,420.34,346.09,1
1028,25.53,466.5,356.78,1
1029,408.34,480.8,133.43,1
1030,51.1,172.04,393.95,0
1031,86.02,75.44,83.7,0
1032,41.48,180.82,89.54,0
1033,410.03,81.09,224.27,0
1034,305.83,32.37,244.84,0
1035,103.3,63.59,85.65,0
1036,111.03,304.39,19.49,0
1037,106.12,156.92,18.49,0
1038,86.1,65.9,360.36,0
1039,221.57,263.16,453.75,1
1040,463.78,319.75,18.95,0
1041,475.47,440.88,169.81,1
1042,484.19,21.19,150.08,0
1043,60.76,61.8,447.54,0
1044,388.39,243.15,438.78,1
1045,180.8,444.98,21.93,0
1046,271.88,150.54,441.43,1
1047,159.71,37.34,313.08,0
1048,348.49,167.83,77.34,0
1049,170.34,397.81,294.88,1
1050,439.82,184.43,106.09,0
1051,114.18,475.22,245.32,1
1052,191.89,277.98,214.95,0
1053,377.26,193.46,414.35,1
1054,67.79,61.17,222.21,0
1055,39.15,270.28,360.32,0
1056,61.1,41.38,372.81,0
1057,347.76,260.47,261.64,1
1058,481.27,29.68,317.05,1
1059,237.26,210.47,422.01,1
1060,221.63,269.99,130.81,0
1061,54.62,43.75,184.24,0
1062,59.3,431.55,281.92,0
1063,110.51,121.3,75.14,0
1064,260.09,462.71,205.13,1
1065,157.72,21.95,37.18,0
1066,177.9,441.74,210.82,1
1067,302.87,288.27,366.65,1
1068,446.16,200.08,197.48,1
1069,56.27,133.62,292.32,0
1070,72.66,386.53,34.88,0
1071,103.92,70.37,315.71,0
1072,412.44,56.57,370.55,1
1073,209.07,110.14,391.81,0
1074,429.27,257.57,268.53,1
1075,253.86,72.06,125.07,0
1076,91.13,391.91,332.8,1
1077,327.88,402.98,187.02,1
1078,99.33,370.73,11.85,0
1079,411.22,356.16,424.36,1
1080,99.28,46.13,472.84,0
1081,114.13,39.64,123.44,0
1082,424.07,291.47,16.81,0
1083,409.31,410.4,377.51,1
1084,311.44,296.82,469.16,1
1085,237.51,103.35,456.99,0
1086,344.59,84.44,255.97,0
1087,127.15,41.68,203.87,0
1088,27.13,224.71,485.07,0
1089,183.78,339.35,344.7,1
1090,315.29,272.77,54.68,0
1091,103.01,93.78,256.82,0
1092,365.83,175.37,299.85,1
1093,434.14,421.07,192.31,1
1094,198.54,308.75,206.08,0
1095,177.25,86.54,384.01,0
1096,70.76,91.81,258.1,0
1097,405.0,387.21,138.81,1
1098,197.25,266.67,79.57,0
1099,482.72,46.42,150.6,0
1100,243.16,449.0,232.97,1
1101,289.24,459.11,16.79,0
1102,168.46,319.17,435.25,1
1103,265.14,29.09,444.31,0
1104,369.16,384.54,207.55,1
1105,138.81,79.15,164.79,0
1106,315.22,225.5,365.47,1
1107,493.34,234.17,290.48,1
1108,194.11,416.89,60.26,0
1109,98.68,189.87,29.59,0
1110,460.24,50.49,405.84,1
1111,47.98,121.17,161.94,0
1112,486.24,122.0,97.34,0
1113,475.86,363.76,338.77,1
1114,180.68,67.12,375.07,0
1115,254.88,393.51,322.39,1
1116,81.89,281.19,14.13,0
1117,298.96,187.06,324.17,1
1118,23.35,24.32,173.88,0
1119,421.99,136.46,124.93,0
1120,63.25,476.35,387.65,1
1121,460.9,479.76,58.69,1
1122,119.77,141.55,265.05,0
1123,187.04,405.43,284.94,1
1124,23.53,443.97,268.97,0
1125,194.97,495.26,39.59,0
1126,41.55,498.65,443.58,1
1127,464.29,272.84,250.09,1
1128,410.78,93.7,31.57,0
1129,488.78,446.16,316.93,1
1130,230.01,363.1,313.98,1
1131,317.39,222.72,302.26,1
1132,261.28,158.5,21.85,0
1133,487.85,244.85,295.71,1
1134,280.47,366.4,298.69,1
1135,401.2,267.71,245.07,1
1136,165.67,396.36,457.66,1
1137,369.69,13.42,60.52,0
1138,372.8,400.08,387.62,1
1139,216.41,123.59,357.56,0
1140,117.87,349.39,446.91,1
1141,83.42,301.29,20.76,0
1142,406.03,131.68,118.35,0
1143,473.74,395.46,174.79,1
1144,109.31,316.34,382.39,1
1145,277.11,368.81,88.23,0
1146,320.64,258.57,331.93,1
1147,67.13,58.31,374.04,0
1148,439.67,329.98,384.1,1
1149,106.47,386.5,47.57,0
1150,334.37,415.57,498.63,1
1151,271.81,431.72,235.69,1
1152,356.78,255.11,316.63,1
1153,296.55,456.65,475.37,1
1154,87.49,116.15,138.56,0
1155,38.11,64.63,185.11,0
1156,342.25,377.34,191.96,1
1157,452.75,386.53,443.47,1
1158,247.51,471.2,108.38,1
1159,451.63,361.59,75.21,1
1160,499.78,399.36,396.35,1
1161,282.39,250.7,456.14,1
1162,167.41,109.4,212.04,0
1163,109.91,93.39,146.13,0
1164,294.4,472.29,462.47,1
1165,457.0,170.29,393.22,1
1166,28.2,14.38,130.77,0
1167,259.85,353.96,52.47,0
1168,493.78,223.02,21.27,0
1169,397.66,457.55,488.81,1
1170,363.46,335.08,102.97,0
1171,148.69,416.53,479.31,1
1172,29.64,57.14,482.66,0
1173,389.12,213.73,184.06,0
1174,416.1,330.62,216.23,1
1175,73.03,295.34,329.46,0
1176,67.55,225.76,303.02,0
1177,93.65,390.99,405.21,1
1178,286.12,357.17,188.2,1
1179,283.17,179.74,429.01,1
1180,197.51,50.09,212.18,0
1181,487.68,438.25,185.78,1
1182,373.81,126.6,90.04,0
1183,266.84,437.38,342.75,1
1184,100.12,204.58,62.18,0
1185,45.62,366.92,286.98,0
1186,247.69,386.08,169.48,1
1187,452.02,163.11,16.97,0
1188,354.36,112.73,219.42,0
1189,458.3,400.07,410.43,1
1190,142.77,130.95,397.86,0
1191,198.72,471.67,146.15,1
1192,244.35,201.95,22.44,0
1193,120.24,388.23,463.17,1
1194,316.29,305.02,398.3,1
1195,81.8,321.65,351.03,0
1196,271.44,313.27,209.71,0
1197,244.51,416.45,245.28,1
1198,164.92,107.8,236.78,0
1199,37.01,237.11,109.44,0
1200,157.76,273.49,125.44,0
1201,202.24,245.83,96.69,0
1202,150.49,291.98,179.41,0
1203,185.87,112.51,238.58,0
1204,176.39,292.2,243.02,0
1205,203.44,241.13,67.36,0
1206,123.79,102.26,214.47,0
1207,53.86,301.61,60.69,0
1208,67.55,86.08,34.03,0
1209,213.63,83.32,83.6,0
1210,359.22,278.13,382.38,1
1211,185.89,89.62,97.38,0
1212,126.22,67.01,114.56,0
1213,317.01,437.61,346.04,1
1214,143.04,397.79,154.36,0
1215,196.96,105.2,23.36,0
1216,416.97,484.4,257.35,1
1217,221.3,189.15,173.65,0
1218,166.35,411.24,317.41,1
1219,152.14,271.0,354.93,0
1220,298.44,484.41,133.94,1
1221,499.8,470.96,434.24,1
1222,287.83,491.01,145.88,1
1223,410.42,68.31,37.03,0
1224,16.79,15.27,362.47,0
1225,495.15,207.39,434.14,1
1226,254.87,52.5,401.54,0
1227,418.49,433.72,58.93,1
1228,491.36,30.25,430.48,1
1229,294.9,300.03,207.48,0
1230,426.67,131.53,17.35,0
1231,44.81,341.84,85.52,0
1232,426.15,141.63,85.53,0
1233,78.26,311.02,149.88,0
1234,29.44,340.48,344.12,0
1235,162.7,155.7,469.91,0
1236,244.32,432.04,139.01,1
1237,323.03,193.35,225.31,0
1238,101.56,291.95,211.18,0
1239,308.19,475.83,21.68,1
1240,27.38,56.54,160.79,0
1241,483.95,108.06,168.07,0
1242,455.44,478.22,277.93,1
1243,212.2,409.86,405.96,1
1244,177.13,327.45,364.16,1
1245,248.24,362.51,416.78,1
1246,478.24,89.28,13.3,0
1247,337.3,179.98,332.68,1
1248,396.0,476.08,461.34,1
1249,335.11,294.44,163.95,0
1250,498.3,355.18,264.47,1
1251,60.59,173.31,37.63,0
1252,444.79,347.2,405.6,1
1253,172.28,99.5,255.18,0
1254,48.15,288.88,147.3,0
1255,151.4,63.86,418.75,0
1256,51.59,200.16,352.6,0
1257,391.44,48.74,365.62,1
1258,334.87,244.23,262.21,1
1259,248.32,392.36,395.92,1
1260,412.48,337.03,429.17,1
1261,175.98,366.38,152.04,0
1262,260.11,174.74,359.41,0
1263,285.53,22.48,28.6,0
1264,241.66,180.58,418.24,1
1265,96.38,320.96,429.66,1
1266,366.38,341.53,133.95,1
1267,121.0,98.61,395.84,0
1268,49.39,479.73,175.03,0
1269,136.96,255.4,450.68,1
1270,199.94,222.28,268.0,0
1271,356.22,467.58,298.74,1
1272,280.45,219.05,286.45,0
1273,463.69,483.89,30.33,1
1274,272.68,161.26,19.81,0
1275,159.49,465.23,309.42,1
1276,446.23,274.53,309.59,1
1277,24.53,317.13,22.46,0
1278,105.21,91.13,51.49,0
1279,387.47,102.18,85.17,0
1280,162.61,439.4,70.43,0
1281,475.56,280.16,236.41,1
1282,50.57,212.09,300.07,0
1283,52.32,223.4,84.95,0
1284,162.73,481.98,414.33,1
1285,353.95,80.38,318.53,0
1286,428.31,245.13,12.19,0
1287,137.06,496.13,420.53,1
1288,186.09,355.95,461.26,1
1289,375.18,485.19,266.07,1
1290,313.47,10.46,57.29,0
1291,282.74,128.81,306.98,0
1292,337.55,434.9,59.46,1
1293,280.55,450.12,328.26,1
1294,58.06,58.81,313.67,0
1295,69.07,139.62,262.09,0
1296,223.76,217.9,164.54,0
1297,20.1,457.11,397.9,1
1298,181.62,391.2,327.15,1
1299,243.08,459.77,371.54,1
1300,492.52,215.44,128.82,1
1301,295.47,170.22,305.51,0
1302,89.68,241.66,132.22,0
1303,252.02,116.2,75.08,0
1304,249.39,352.75,71.51,0
1305,355.71,67.93,201.03,0
1306,357.05,251.32,475.62,1
1307,168.18,266.46,67.11,0
1308,414.96,297.51,100.94,1
1309,254.62,210.78,80.0,0
1310,28.44,161.01,298.84,0
1311,234.42,429.46,161.63,1
1312,85.94,473.37,167.48,0
1313,323.37,181.25,422.42,1
1314,359.27,399.06,116.56,1
1315,325.61,46.09,105.09,0
1316,175.99,494.98,62.91,0
1317,124.04,490.08,57.1,0
1318,51.52,190.24,293.57,0
1319,175.63,126.13,407.33,0
1320,275.44,440.19,378.25,1
1321,44.12,407.88,429.03,1
1322,411.09,141.09,228.2,0
1323,202.53,36.95,289.37,0
1324,48.56,425.04,85.94,0
1325,151.24,149.79,394.17,0
1326,95.8,372.53,26.61,0
1327,140.88,285.85,187.99,0
1328,183.8,318.98,136.26,0
1329,131.5,402.92,410.47,1
1330,40.13,357.62,56.26,0
1331,426.94,116.82,286.4,1
1332,349.33,62.76,473.13,1
1333,301.2,13.47,460.76,0
1334,370.13,412.01,485.64,1
1335,312.22,279.98,383.89,1
1336,278.36,281.68,228.57,0
1337,116.01,352.47,412.74,1
1338,288.83,89.82,185.09,0
1339,254.71,176.6,371.57,0
1340,399.92,462.77,364.76,1
1341,410.14,237.34,244.86,1
1342,342.25,279.03,146.94,0
1343,248.04,312.74,498.96,1
1344,51.09,440.83,133.8,0
1345,448.67,81.92,190.07,0
1346,257.54,347.42,81.85,0
1347,484.26,391.06,496.77,1
1348,50.37,323.09,59.45,0
1349,38.59,373.52,454.06,1
1350,308.97,122.12,325.56,0
1351,20.94,466.88,136.73,0
1352,479.98,202.73,350.21,1
1353,14.21,415.08,393.19,1
1354,391.46,261.46,367.24,1
1355,380.33,454.83,69.38,1
1356,317.7,360.61,18.47,0
1357,300.91,190.97,470.01,1
1358,352.64,317.53,172.44,1
1359,444.66,483.71,450.65,1
1360,443.15,139.24,144.43,0
1361,222.77,212.3,311.47,0
1362,43.8,283.56,121.47,0
1363,381.22,63.04,365.0,1
1364,150.73,472.62,156.74,0
1365,248.34,301.12,482.58,1
1366,145.18,181.63,171.69,0
1367,84.28,192.17,436.65,0
1368,87.4,77.2,210.5,0
1369,336.31,81.58,353.16,0
1370,273.56,112.34,53.72,0
1371,107.77,107.05,194.28,0
1372,381.51,72.2,430.79,1
1373,409.55,451.61,337.09,1
1374,347.11,274.93,273.73,1
1375,290.9,185.07,208.44,0
1376,448.17,194.85,355.74,1
1377,153.43,38.3,202.79,0
1378,347.37,161.57,153.72,0
1379,304.49,101.13,45.43,0
1380,300.06,257.61,181.57,0
1381,181.08,69.57,96.59,0
1382,143.87,471.49,38.79,0
1383,40.63,12.3,388.63,0
1384,220.23,89.54,220.06,0
1385,368.94,72.08,177.33,0
1386,296.1,271.55,132.11,0
1387,478.43,376.24,19.7,1
1388,65.38,427.59,314.16,1
1389,254.31,124.37,90.09,0
1390,49.49,387.43,362.88,0
1391,465.16,234.79,182.15,1
1392,143.27,149.96,23.61,0
1393,177.86,27.05,295.27,0
1394,386.01,434.89,93.1,1
1395,437.55,12.23,302.81,0
1396,484.25,65.01,197.88,0
1397,227.69,413.05,453.76,1
1398,125.28,294.57,421.77,1
1399,466.96,231.67,254.42,1
1400,304.51,469.43,431.42,1
1401,452.7,33.56,380.19,1
1402,99.18,66.33,190.17,0
1403,415.66,176.65,179.16,0
1404,420.29,239.71,276.11,1
1405,489.06,53.49,412.89,1
1406,191.08,453.92,116.94,0
1407,209.28,194.69,223.31,0
1408,346.46,232.24,390.94,1
1409,151.61,220.02,216.57,0
1410,373.41,173.17,307.87,1
1411,473.73,472.85,426.6,1
1412,269.9,387.62,46.69,0
1413,295.05,456.51,434.34,1
1414,131.0,187.68,437.34,0
1415,116.48,156.8,121.61,0
1416,125.79,446.5,17.07,0
1417,157.11,495.47,220.07,1
1418,392.49,196.1,152.09,0
1419,390.53,114.8,476.59,1
1420,126.85,146.29,358.6,0
1421,201.9,162.61,469.2,1
1422,482.59,155.14,296.41,1
1423,206.95,295.35,348.04,1
1424,212.27,153.63,393.34,0
1425,427.99,461.86,409.36,1
1426,395.8,117.63,180.29,0
1427,230.83,235.02,151.16,0
1428,409.32,308.31,386.38,1
1429,179.02,433.71,288.61,1
1430,28.15,78.91,123.18,0
1431,149.42,200.54,114.18,0
1432,449.31,414.72,450.76,1
1433,53.65,308.58,15.42,0
1434,399.68,330.18,13.98,0
1435,251.68,379.65,86.46,0
1436,127.71,416.72,209.39,0
1437,161.2,466.14,74.67,0
1438,454.83,277.8,112.07,1
1439,414.6,420.37,163.64,1
1440,312.1,284.88,460.82,1
1441,388.09,417.26,42.86,1
1442,422.18,420.75,174.51,1
1443,197.25,154.54,199.36,0
1444,190.02,160.76,302.93,0
1445,119.31,97.95,349.48,0
1446,26.92,318.61,379.86,0
1447,282.25,151.99,67.18,0
1448,24.49,487.17,161.82,0
1449,325.93,219.12,426.2,1
1450,296.49,377.41,39.64,0
1451,432.47,286.18,86.36,1
1452,164.78,236.02,295.52,0
1453,399.54,388.36,59.96,1
1454,255.51,311.94,415.17,1
1455,107.27,283.27,161.62,0
1456,326.68,231.0,182.51,0
1457,298.05,229.23,384.44,1
1458,498.34,413.55,408.87,1
1459,384.23,283.59,96.08,0
1460,365.49,28.24,45.17,0
1461,174.33,493.57,317.13,1
1462,466.42,40.79,134.47,0
1463,25.5,493.71,395.48,1
1464,217.78,324.1,280.83,1
1465,450.6,64.91,431.17,1
1466,46.41,385.66,167.59,0
1467,251.38,309.59,418.35,1
1468,388.56,467.5,457.26,1
1469,33.72,130.81,129.59,0
1470,176.28,183.39,61.9,0
1471,334.94,100.39,385.56,1
1472,175.12,328.62,299.51,1
1473,367.34,464.38,20.49,1
1474,191.01,189.93,85.2,0
1475,346.56,210.69,387.53,1
1476,258.78,252.43,21.45,0
1477,67.84,55.27,329.05,0
1478,289.54,343.81,120.5,0
1479,270.7,103.76,42.04,0
1480,202.17,279.74,34.41,0
1481,430.95,11.01,310.86,0
1482,307.95,227.18,370.27,1
1483,346.15,179.77,78.42,0
1484,81.14,312.16,310.25,0
1485,200.38,116.19,390.02,0
1486,160.5,20.46,47.11,0
1487,372.27,440.15,419.82,1
1488,70.0,140.35,452.76,0
1489,165.67,219.69,444.83,1
1490,205.46,178.04,363.99,0
1491,213.28,34.0,465.04,0
1492,367.51,304.94,232.63,1
1493,127.18,236.95,236.23,0
1494,179.6,212.97,308.04,0
1495,65.74,61.44,219.85,0
1496,382.68,198.92,476.94,1
1497,136.09,76.13,43.08,0
1498,172.71,219.67,233.29,0
1499,162.5,308.0,242.93,0
1500,243.31,38.02,354.25,0
1501,406.98,455.87,50.06,1
1502,328.92,366.39,277.78,1
1503,251.67,421.47,230.17,1
1504,450.51,220.94,336.27,1
1505,321.82,383.81,29.16,0
1506,492.81,424.84,138.73,1
1507,332.48,144.65,462.24,1
1508,37.53,462.1,152.53,0
1509,363.56,315.56,391.98,1
1510,231.9,314.53,167.7,0
1511,416.63,477.46,296.53,1
1512,436.37,235.08,361.56,1
1513,270.65,486.37,453.95,1
1514,337.95,275.05,208.55,1
1515,324.36,312.61,237.09,1
1516,187.27,410.52,98.93,0
1517,470.72,246.38,499.76,1
1518,30.06,157.19,48.61,0
1519,39.07,86.78,60.17,0
1520,302.57,123.08,138.64,0
1521,240.28,492.75,368.02,1
1522,172.15,386.04,258.44,1
1523,433.42,301.32,151.48,1
1524,352.86,477.63,119.28,1
1525,456.91,471.72,231.89,1
1526,461.64,426.59,407.19,1
1527,389.23,402.05,485.12,1
1528,108.07,272.82,373.12,0
1529,258.95,82.88,207.65,0
1530,339.17,491.45,167.04,1
1531,395.73,77.48,81.24,0
1532,235.49,200.23,66.19,0
1533,66.4,275.29,117.38,0
1534,68.61,403.42,479.4,1
1535,244.72,155.96,175.6,0
1536,442.75,31.61,397.18,1
1537,453.57,189.49,448.49,1
1538,267.04,242.94,154.08,0
1539,301.02,153.08,491.35,1
1540,435.78,214.35,67.83,0
1541,288.28,55.08,354.02,0
1542,297.25,27.01,216.61,0
1543,51.06,63.31,50.73,0
1544,265.53,457.6,496.27,1
1545,423.73,156.46,145.0,0
1546,261.13,157.25,139.01,0
1547,123.91,149.96,151.44,0
1548,51.93,195.1,213.35,0
1549,427.19,311.25,275.98,1
1550,117.21,314.21,286.0,0
1551,459.54,369.92,112.91,1
1552,55.69,247.11,328.57,0
1553,184.06,148.7,36.71,0
1554,450.46,163.04,166.03,0
1555,327.78,99.07,304.14,0
1556,28.55,74.82,146.75,0
1557,95.37,374.67,78.8,0
1558,357.99,436.78,305.77,1
1559,424.71,236.62,228.03,1
1560,294.48,271.57,290.07,1
1561,81.59,233.96,262.73,0
1562,44.33,99.8,60.97,0
1563,497.97,348.14,87.77,1
1564,404.85,410.07,389.84,1
1565,419.9,112.16,297.11,1
1566,340.83,29.13,259.19,0
1567,153.96,284.58,286.06,0
1568,61.09,489.33,390.5,1
1569,403.01,495.33,33.99,1
1570,281.69,376.18,297.14,1
1571,32.68,185.65,316.51,0
1572,402.24,22.99,216.69,0
1573,263.2,411.16,484.41,1
1574,337.8,439.91,69.41,1
1575,14.33,253.69,154.24,0
1576,318.81,98.57,123.74,0
1577,200.07,364.55,455.84,1
1578,238.8,460.56,261.24,1
1579,290.27,230.81,245.58,0
1580,311.86,255.38,457.77,1
1581,403.04,75.74,405.21,1
1582,411.2,310.14,104.67,1
1583,101.24,462.23,221.11,0
1584,489.26,348.81,316.85,1
1585,456.41,155.65,93.47,0
1586,96.24,28.47,127.5,0
1587,346.05,243.55,255.76,1
1588,203.64,275.45,231.66,0
1589,454.82,280.03,439.65,1
1590,268.85,109.36,491.08,1
1591,274.04,379.65,274.68,1
1592,337.18,57.2,121.4,0
1593,34.93,324.65,73.63,0
1594,191.33,481.03,433.55,1
1595,80.75,451.12,293.24,1
1596,68.25,51.94,387.74,0
1597,89.4,277.72,248.67,0
1598,488.31,28.88,160.57,0
1599,261.28,358.89,220.64,1
1600,290.53,92.29,57.91,0
1601,343.9,464.41,237.67,1
1602,23.33,494.56,158.43,0
1603,379.59,478.23,424.67,1
1604,426.83,137.89,142.81,0
1605,199.81,129.38,419.45,0
1606,387.44,466.12,69.29,1
1607,157.73,381.85,94.67,0
1608,164.41,51.17,360.95,0
1609,165.47,112.44,469.37,0
1610,182.46,108.65,358.95,0
1611,395.83,67.49,56.16,0
1612,424.73,370.23,53.74,1
1613,337.6,118.52,104.36,0
1614,184.87,440.83,43.87,0
1615,481.38,228.77,387.45,1
1616,109.67,463.27,366.08,1
1617,442.29,163.63,76.72,0
1618,426.28,64.36,14.44,0
1619,375.92,155.71,103.09,0
1620,477.26,431.45,397.16,1
1621,27.05,467.69,264.55,0
1622,443.44,208.75,70.71,0
1623,277.81,278.53,147.4,0
1624,429.78,482.32,299.28,1
1625,83.04,142.91,106.93,0
1626,412.53,232.45,343.21,1
1627,434.89,291.37,479.52,1
1628,150.14,497.54,31.18,0
1629,113.21,141.89,85.12,0
1630,390.87,47.83,289.71,0
1631,367.2,280.12,195.47,1
1632,27.65,112.38,306.24,0
1633,330.08,177.79,212.52,0
1634,222.22,95.93,348.72,0
1635,122.82,490.94,351.63,1
1636,177.45,461.37,454.31,1
1637,409.45,486.52,69.5,1
1638,56.66,245.26,480.97,0
1639,273.14,405.8,357.19,1
1640,228.13,499.09,432.85,1
1641,228.85,459.23,38.3,0
1642,25.04,352.02,460.38,1
1643,24.98,178.74,368.13,0
1644,72.04,458.72,465.38,1
1645,478.17,460.96,475.99,1
1646,388.37,335.22,91.37,1
1647,152.09,133.75,116.82,0
1648,155.46,216.63,129.69,0
1649,268.51,113.15,45.31,0
1650,419.96,154.81,496.39,1
1651,247.83,282.1,339.75,1
1652,82.13,408.04,338.84,1
1653,452.08,475.28,64.23,1
1654,141.02,306.51,355.46,1
1655,403.82,143.54,119.22,0
1656,480.65,11.81,79.5,0
1657,384.5,313.15,221.45,1
1658,379.16,453.5,459.55,1
1659,266.62,463.74,39.74,0
1660,293.35,36.06,218.9,0
1661,256.02,22.04,308.08,0
1662,29.45,206.95,153.65,0
1663,48.99,335.89,433.66,1
1664,331.73,488.41,146.99,1
1665,94.01,225.64,20.24,0
1666,240.35,490.57,38.71,0
1667,482.54,188.68,478.42,1
1668,474.95,61.32,18.47,0
1669,468.38,54.36,481.38,1
1670,302.94,148.16,470.17,1
1671,186.74,348.1,100.6,0
1672,262.81,205.62,235.43,0
1673,301.75,62.1,495.16,1
1674,207.85,393.54,278.24,1
1675,76.47,177.55,108.84,0
1676,49.21,151.27,210.06,0
1677,64.21,347.94,369.06,0
1678,343.5,154.56,358.94,1
1679,372.93,181.06,239.13,0
1680,37.08,462.77,432.18,1
1681,248.54,401.04,448.25,1
1682,146.66,67.7,391.75,0
1683,385.81,498.15,79.39,1
1684,182.47,490.65,249.57,1
1685,438.08,144.15,108.84,0
1686,119.78,138.78,443.99,0
1687,91.56,337.89,465.09,1
1688,416.86,213.63,408.15,1
1689,221.44,308.12,354.3,1
1690,360.92,84.09,489.51,1
1691,348.79,133.83,411.77,1
1692,396.37,113.91,101.75,0
1693,336.86,192.58,401.18,1
1694,454.74,65.62,109.97,0
1695,71.63,412.58,391.27,1
1696,208.6,156.65,194.57,0
1697,40.22,372.77,269.87,0
1698,80.17,12.22,492.02,0
1699,100.24,333.29,44.51,0
1700,87.71,219.45,102.03,0
1701,134.0,438.32,219.51,0
1702,447.34,304.08,204.1,1
1703,411.13,198.55,135.78,0
1704,243.08,326.74,82.01,0
1705,436.17,328.92,275.33,1
1706,415.65,460.44,142.61,1
1707,127.47,175.44,388.11,0
1708,211.62,280.73,498.88,1
1709,289.77,290.08,196.26,0
1710,402.87,210.1,55.63,0
1711,134.57,406.55,226.56,0
1712,81.45,176.9,100.54,0
1713,119.45,10.27,484.88,0
1714,487.8,101.42,402.45,1
1715,174.51,383.43,59.45,0
1716,10.03,383.51,63.34,0
1717,324.6,319.96,263.17,1
1718,172.34,174.54,260.02,0
1719,371.45,320.79,14.3,0
1720,319.7,28.52,383.05,0
1721,89.81,108.63,237.42,0
1722,45.92,274.81,121.53,0
1723,10.43,199.7,459.4,0
1724,95.66,24.7,358.05,0
1725,113.32,281.52,96.24,0
1726,51.69,33.5,498.93,0
1727,296.62,100.04,52.69,0
1728,107.57,109.73,55.29,0
1729,139.7,175.84,428.01,0
1730,254.04,87.44,273.67,0
1731,140.5,31.02,490.44,0
1732,391.21,144.75,447.41,1
1733,82.63,402.72,26.41,0
1734,487.83,290.34,149.12,1
1735,448.26,175.04,234.32,1
1736,198.2,147.35,11.12,0
1737,121.41,96.48,490.11,0
1738,27.48,298.83,236.48,0
1739,211.39,463.74,381.36,1
1740,63.16,243.01,472.83,0
1741,295.47,99.08,177.62,0
1742,134.27,76.65,486.02,0
1743,406.45,150.29,250.89,1
1744,152.6,317.06,382.71,1
1745,373.88,168.59,374.09,1
1746,348.88,450.42,16.52,1
1747,75.17,463.95,85.17,0
1748,17.33,431.99,330.09,0
1749,83.54,42.53,168.87,0
1750,270.97,298.38,240.89,1
1751,417.37,235.94,485.23,1
1752,342.18,318.47,483.52,1
1753,25.77,408.52,72.69,0
1754,294.37,214.41,470.63,1
1755,158.82,31.53,322.78,0
1756,328.02,39.42,348.85,0
1757,487.67,188.75,79.1,0
1758,437.95,59.62,24.99,0
1759,380.83,69.89,31.78,0
1760,301.06,69.68,63.07,0
1761,211.17,45.5,364.62,0
1762,452.53,450.29,138.99,1
1763,108.1,394.77,408.18,1
1764,136.22,449.11,342.33,1
1765,330.81,189.02,376.31,1
1766,59.06,39.1,436.33,0
1767,161.56,338.54,341.68,1
1768,70.19,389.74,96.8,0
1769,21.97,372.84,205.29,0
1770,377.45,334.04,191.93,1
1771,387.61,104.16,178.54,0
1772,436.1,128.8,34.61,0
1773,445.07,488.8,382.98,1
1774,61.65,180.34,123.55,0
1775,287.69,450.07,133.07,1
1776,348.29,93.83,317.21,0
1777,216.41,227.95,293.94,0
1778,361.89,427.69,309.3,1
1779,452.57,32.73,161.23,0
1780,43.69,485.14,165.97,0
1781,80.35,122.95,216.63,0
1782,154.71,382.04,488.79,1
1783,80.12,474.7,220.05,0
1784,65.16,230.46,218.34,0
1785,63.49,238.86,227.62,0
1786,423.55,436.95,39.54,1
1787,322.34,52.66,125.44,0
1788,267.1,258.08,198.0,0
1789,308.12,40.96,485.01,1
1790,483.27,448.31,483.29,1
1791,421.77,499.33,492.92,1
1792,223.95,476.2,125.91,1
1793,309.19,454.49,461.05,1
1794,241.4,176.27,158.26,0
1795,92.43,65.63,334.39,0
1796,425.63,463.22,231.14,1
1797,156.58,281.54,128.2,0
1798,118.77,360.5,480.18,1
1799,285.24,197.26,376.86,1
1800,490.0,240.94,213.09,1
1801,92.17,279.78,496.54,1
1802,445.79,203.19,185.05,1
1803,234.25,235.27,311.13,0
1804,97.58,359.57,235.87,0
1805,140.32,311.46,387.27,1
1806,363.74,121.49,373.35,1
1807,490.62,123.23,236.05,1
1808,423.72,33.91,111.76,0
1809,470.03,32.83,150.41,0
1810,454.81,240.85,449.53,1
1811,48.43,426.45,41.31,0
1812,21.36,141.38,222.09,0
1813,98.47,77.39,165.06,0
1814,163.62,194.41,312.5,0
1815,391.53,478.78,140.78,1
1816,130.17,401.77,434.84,1
1817,220.45,158.79,166.49,0
1818,74.18,292.08,152.35,0
1819,279.06,411.34,195.76,1
1820,367.98,410.05,405.59,1
1821,179.37,340.48,300.73,1
1822,355.53,276.64,138.13,0
1823,334.92,133.93,236.25,0
1824,338.6,233.13,297.47,1
1825,365.12,95.15,83.04,0
1826,148.87,183.99,467.22,0
1827,381.78,326.3,416.87,1
1828,459.87,10.1,36.58,0
1829,151.76,388.29,27.72,0
1830,41.07,441.67,412.93,1
1831,342.02,215.68,282.99,1
1832,414.77,314.88,409.48,1
1833,22.94,252.95,95.61,0
1834,328.64,237.79,28.63,0
1835,43.72,172.71,223.61,0
1836,131.22,206.87,62.92,0
1837,288.07,420.14,407.33,1
1838,68.21,357.52,268.84,0
1839,349.21,63.62,46.45,0
1840,394.4,380.99,440.09,1
1841,118.69,357.3,38.65,0
1842,304.26,336.97,430.87,1
1843,356.13,194.91,89.04,0
1844,137.48,420.35,94.58,0
1845,338.69,387.39,341.73,1
1846,443.29,487.15,335.55,1
1847,374.01,353.38,362.26,1
1848,97.97,345.66,17.92,0
1849,422.76,192.08,149.81,0
1850,331.7,127.66,299.38,0
1851,116.88,372.82,382.57,1
1852,84.87,379.56,331.77,0
1853,26.96,388.57,11.4,0
1854,427.63,150.28,408.79,1
1855,465.95,497.65,257.74,1
1856,389.82,324.24,303.41,1
1857,195.37,347.74,389.83,1
1858,337.21,455.63,237.16,1
1859,120.96,454.28,275.3,1
1860,302.51,120.67,194.25,0
1861,53.14,334.06,360.12,0
1862,130.8,388.01,437.62,1
1863,272.35,251.61,231.92,0
1864,304.26,214.02,216.02,0
1865,469.99,384.75,30.84,1
1866,54.69,265.23,20.33,0
1867,408.99,64.68,365.66,1
1868,314.23,179.12,209.05,0
1869,228.07,111.45,418.74,0
1870,104.83,442.18,94.98,0
1871,73.67,319.35,358.84,0
1872,335.21,258.66,469.6,1
1873,178.97,60.98,307.82,0
1874,189.8,286.77,93.65,0
1875,298.82,410.82,252.24,1
1876,92.55,43.88,67.38,0
1877,315.05,287.37,426.73,1
1878,170.31,397.61,124.9,0
1879,240.81,29.04,473.54,0
1880,202.34,482.77,341.01,1
1881,201.78,231.91,384.15,1
1882,166.84,300.7,90.55,0
1883,217.98,332.97,265.56,1
1884,248.98,417.61,262.22,1
1885,307.54,208.72,59.73,0
1886,187.46,59.36,424.38,0
1887,421.99,400.36,99.49,1
1888,461.13,89.48,27.74,0
1889,178.78,303.47,174.86,0
1890,15.14,28.36,317.49,0
1891,437.53,91.36,354.81,1
1892,31.75,426.49,185.97,0
1893,289.78,371.06,191.44,1
1894,151.82,17.5,471.92,0
1895,156.27,340.45,149.42,0
1896,460.29,161.61,149.14,0
1897,174.74,346.33,212.09,0
1898,125.38,447.19,427.09,1
1899,281.31,77.63,74.84,0
1900,428.29,36.6,408.84,1
1901,324.74,188.23,445.69,1
1902,208.17,364.09,97.48,0
1903,154.36,341.5,333.12,1
1904,316.14,209.31,405.65,1
1905,192.36,172.04,359.85,0
1906,360.42,452.06,250.92,1
1907,317.88,425.76,214.84,1
1908,401.69,155.86,157.66,0
1909,188.94,381.71,221.0,0
1910,144.13,393.84,19.13,0
1911,374.07,228.39,280.04,1
1912,292.36,459.23,431.71,1
1913,376.76,33.13,361.7,0
1914,62.54,348.96,195.57,0
1915,235.87,182.25,326.56,0
1916,310.6,201.07,67.56,0
1917,340.14,401.98,204.21,1
1918,56.31,216.67,366.44,0
1919,283.07,346.05,476.38,1
1920,169.96,414.36,390.29,1
1921,271.25,283.69,265.62,1
1922,266.67,93.32,483.31,1
1923,280.71,246.36,292.11,1
1924,304.65,332.53,181.78,1
1925,246.87,10.43,118.44,0
1926,336.86,374.06,56.49,0
1927,111.19,448.69,467.21,1
1928,140.95,43.06,174.82,0
1929,213.52,383.79,117.58,0
1930,212.04,67.45,39.7,0
1931,466.53,145.0,228.38,1
1932,180.57,97.9,57.76,0
1933,457.04,217.59,452.53,1
1934,397.76,114.28,404.26,1
1935,280.53,338.47,103.89,0
1936,421.66,394.25,51.5,1
1937,169.39,217.3,354.07,0
1938,42.68,369.92,173.18,0
1939,142.49,102.92,488.44,0
1940,38.89,283.99,98.59,0
1941,139.78,31.19,96.06,0
1942,272.94,293.83,158.71,0
1943,117.34,359.28,345.62,1
1944,99.46,424.84,329.6,1
1945,356.04,116.31,161.04,0
1946,26.09,299.72,292.88,0
1947,126.42,277.88,353.67,0
1948,31.17,43.93,393.66,0
1949,198.11,308.48,104.45,0
1950,495.53,13.47,342.29,1
1951,115.24,252.57,16.44,0
1952,165.21,188.6,187.26,0
1953,80.17,382.81,37.82,0
1954,464.09,14.39,384.62,1
1955,38.96,134.43,213.27,0
1956,267.41,241.24,258.01,0
1957,405.24,311.81,152.61,1
1958,446.62,374.3,90.83,1
1959,88.79,320.83,398.17,1
1960,493.16,194.92,302.92,1
1961,338.75,96.98,276.66,0
1962,33.28,200.48,405.19,0
1963,460.16,437.1,169.74,1
1964,378.13,439.14,110.49,1
1965,230.5,34.07,376.87,0
1966,339.87,405.81,412.25,1
1967,200.99,158.88,235.37,0
1968,431.11,13.82,249.14,0
1969,90.03,28.49,455.46,0
1970,197.42,362.9,414.66,1
1971,306.41,496.74,72.75,1
1972,367.5,378.23,306.88,1
1973,78.85,402.1,280.98,0
1974,223.74,174.81,331.82,0
1975,248.31,256.76,262.48,0
1976,400.7,144.68,54.18,0
1977,98.95,135.6,364.24,0
1978,424.07,447.87,89.85,1
1979,272.62,423.78,291.23,1
1980,309.68,35.49,319.14,0
1981,55.97,169.62,297.59,0
1982,455.79,137.14,415.22,1
1983,188.48,412.0,91.9,0
1984,222.44,473.05,439.75,1
1985,476.28,364.85,352.11,1
1986,268.51,198.09,421.28,1
1987,209.13,498.01,294.32,1
1988,26.49,97.74,18.31,0
1989,369.63,361.6,69.89,0
1990,252.66,194.38,413.19,1
1991,181.36,388.82,120.02,0
1992,145.08,399.46,142.55,0
1993,65.34,486.52,277.97,1
1994,63.49,194.45,147.51,0
1995,342.99,206.95,311.65,1
1996,492.75,19.15,236.93,0
1997,79.16,153.35,221.93,0
1998,31.9,330.24,440.79,0
1999,29.85,86.65,389.52,0
2000,210.46,409.9,122.33,0
